autoid,prompteg,promptold,promptupd,completion
1,"Extract the type of service and zipcode from the following user query:

        I want to food service nearby 19140 => service:Food, zipcode:19140, status:okay
        He want to food lunch nearby 19132 => service:Food, zipcode:19132, status:okay
        Counseling services => service: Mental Health, zipcode:000000, status:okay
        Temporary housing => service:Shelter,zipcode:000000, status:okay
      ",He want to find Mental Health service nearby 19123 =>,"Extract the type of service and zipcode from the following user query:

        I want to food service nearby 19140 => service:Food, zipcode:19140, status:okay
        He want to food lunch nearby 19132 => service:Food, zipcode:19132, status:okay
        Counseling services => service: Mental Health, zipcode:000000, status:okay
        Temporary housing => service:Shelter,zipcode:000000, status:okay
      
find food nearby =>",
